{
	"Meta" : {
		"ProductType" : "PCA",
		"Area" : "GB",
		"LastUpdated" : "2019-02-08T17:43:06",
		"TotalResults" : 16023,
		"Wave" : "2018-H2",
		"Agreement" : "Use of the APIs and any related data will be subject to the terms of the Open Licence and subject to terms and conditions",
		"License" : "https://openbanking.org.uk/open-licence",
		"TermsOfUse" : "https://openbanking.org.uk/terms"
	},
	"Data" : {
		"Question" : [
		{
			"QuestionNumber" : "PCAQ1Recommend",
			"Title" : "Overall service quality – Recommendation ranking",
			"SubTitle" : "Q01. Thinking about your {current account/payment account}, taking everything into account, are you likely or unlikely to recommend {bank} to friends and family for current account banking, if asked by them?",
			"Footnotes" : [ "Results show those Extremely and Very likely to recommend as a percentage of all except DK answers and Do not recommend", "The ranking does not include any brands where the eligible sample size is less than 100.", "Fieldwork period: September 2017 to June 2018, Publication date: 15th August 2018"],
			"Results" : [
				{
					"Brand" : "Metro Bank",
					"Rank" : 1,
					"DisplayRank" : "1",
					"PublishedScore" : "83%",
					"PublishedScore2dp" : "83.28%",
					"LowBase" : false
				},
				{
					"Brand" : "first direct",
					"Rank" : 2,
					"DisplayRank" : "2",
					"PublishedScore" : "82%",
					"PublishedScore2dp" : "81.53%",
					"LowBase" : false
				},
				{
					"Brand" : "Nationwide",
					"Rank" : 3,
					"DisplayRank" : "3",
					"PublishedScore" : "72%",
					"PublishedScore2dp" : "71.77%",
					"LowBase" : false
				},
				{
					"Brand" : "Coventry Building Society",
					"Rank" : 4,
					"DisplayRank" : "4",
					"PublishedScore" : "70%",
					"PublishedScore2dp" : "70.03%",
					"LowBase" : false
				},
				{
					"Brand" : "Barclays Bank UK",
					"Rank" : 5,
					"DisplayRank" : "5",
					"PublishedScore" : "64%",
					"PublishedScore2dp" : "63.69%",
					"LowBase" : false
				},
				{
					"Brand" : "Yorkshire Bank",
					"Rank" : 6,
					"DisplayRank" : "5",
					"PublishedScore" : "64%",
					"PublishedScore2dp" : "63.53%",
					"LowBase" : false
				},
				{
					"Brand" : "Santander UK",
					"Rank" : 7,
					"DisplayRank" : "7",
					"PublishedScore" : "61%",
					"PublishedScore2dp" : "61.41%",
					"LowBase" : false
				},
				{
					"Brand" : "Halifax",
					"Rank" : 8,
					"DisplayRank" : "8",
					"PublishedScore" : "60%",
					"PublishedScore2dp" : "60.06%",
					"LowBase" : false
				},
				{
					"Brand" : "Lloyds Bank",
					"Rank" : 9,
					"DisplayRank" : "8",
					"PublishedScore" : "60%",
					"PublishedScore2dp" : "59.94%",
					"LowBase" : false
				},
				{
					"Brand" : "NatWest",
					"Rank" : 10,
					"DisplayRank" : "10",
					"PublishedScore" : "59%",
					"PublishedScore2dp" : "59.08%",
					"LowBase" : false
				},
				{
					"Brand" : "Bank of Scotland",
					"Rank" : 11,
					"DisplayRank" : "11",
					"PublishedScore" : "58%",
					"PublishedScore2dp" : "58.30%",
					"LowBase" : false
				},
				{
					"Brand" : "HSBC UK",
					"Rank" : 12,
					"DisplayRank" : "12",
					"PublishedScore" : "57%",
					"PublishedScore2dp" : "56.57%",
					"LowBase" : false
				},
				{
					"Brand" : "TSB",
					"Rank" : 13,
					"DisplayRank" : "13",
					"PublishedScore" : "52%",
					"PublishedScore2dp" : "52.26%",
					"LowBase" : false
				},
				{
					"Brand" : "The Co-operative Bank",
					"Rank" : 14,
					"DisplayRank" : "13",
					"PublishedScore" : "52%",
					"PublishedScore2dp" : "52.26%",
					"LowBase" : false
				},
				{
					"Brand" : "Clydesdale Bank",
					"Rank" : 15,
					"DisplayRank" : "15",
					"PublishedScore" : "51%",
					"PublishedScore2dp" : "50.57%",
					"LowBase" : false
				},
				{
					"Brand" : "Royal Bank of Scotland",
					"Rank" : 16,
					"DisplayRank" : "16",
					"PublishedScore" : "47%",
					"PublishedScore2dp" : "47.46%",
					"LowBase" : false
				}
			]
		},
		{
			"QuestionNumber" : "PCAQ2Recommend",
			"Title" : "Services in branches – Recommendation ranking",
			"SubTitle" : "Q02. I’d like to ask next about the branch services that {bank} offers – by that I mean the staff and facilities including any machines inside the branch. If you have used a Post Office to carry out banking activities on your {bank} account please include this. Based on your experience over the last three months are you likely or unlikely to recommend {bank}’s branch services to friends and family, if asked by them?",
			"Footnotes" : [ "Results show those Extremely and Very likely to recommend as a percentage of all except DK answers, Do not recommend and No experience.", "The ranking does not include any brands where the eligible sample size is less than 100.", "Fieldwork period: September 2017 to June 2018,  Publication date: 15th August 2018"],
			"Results" : [



				{
					"Brand" : "Metro Bank",
					"Rank" : 1,
					"DisplayRank" : "1",
					"PublishedScore" : "85%",
					"PublishedScore2dp" : "84.98%",
					"LowBase" : false
				},
				{
					"Brand" : "Coventry Building Society",
					"Rank" : 2,
					"DisplayRank" : "2",
					"PublishedScore" : "80%",
					"PublishedScore2dp" : "80.24%",
					"LowBase" : false
				},
				{
					"Brand" : "Nationwide",
					"Rank" : 3,
					"DisplayRank" : "3",
					"PublishedScore" : "74%",
					"PublishedScore2dp" : "73.67%",
					"LowBase" : false
				},
				{
					"Brand" : "Santander UK",
					"Rank" : 4,
					"DisplayRank" : "4",
					"PublishedScore" : "73%",
					"PublishedScore2dp" : "73.44%",
					"LowBase" : false
				},
				{
					"Brand" : "Lloyds Bank",
					"Rank" : 5,
					"DisplayRank" : "5",
					"PublishedScore" : "68%",
					"PublishedScore2dp" : "67.78%",
					"LowBase" : false
				},
				{
					"Brand" : "TSB",
					"Rank" : 6,
					"DisplayRank" : "5",
					"PublishedScore" : "68%",
					"PublishedScore2dp" : "67.76%",
					"LowBase" : false
				},
				{
					"Brand" : "Bank of Scotland",
					"Rank" : 7,
					"DisplayRank" : "5",
					"PublishedScore" : "68%",
					"PublishedScore2dp" : "67.54%",
					"LowBase" : false
				},
				{
					"Brand" : "Halifax",
					"Rank" : 8,
					"DisplayRank" : "8",
					"PublishedScore" : "67%",
					"PublishedScore2dp" : "67.31%",
					"LowBase" : false
				},
				{
					"Brand" : "Barclays Bank UK",
					"Rank" : 9,
					"DisplayRank" : "9",
					"PublishedScore" : "66%",
					"PublishedScore2dp" : "66.16%",
					"LowBase" : false
				},
				{
					"Brand" : "Yorkshire Bank",
					"Rank" : 10,
					"DisplayRank" : "9",
					"PublishedScore" : "66%",
					"PublishedScore2dp" : "65.84%",
					"LowBase" : false
				},
				{
					"Brand" : "The Co-operative Bank",
					"Rank" : 11,
					"DisplayRank" : "11",
					"PublishedScore" : "64%",
					"PublishedScore2dp" : "63.63%",
					"LowBase" : false
				},
				{
					"Brand" : "HSBC UK",
					"Rank" : 12,
					"DisplayRank" : "12",
					"PublishedScore" : "63%",
					"PublishedScore2dp" : "63.06%",
					"LowBase" : false
				},
				{
					"Brand" : "NatWest",
					"Rank" : 13,
					"DisplayRank" : "13",
					"PublishedScore" : "62%",
					"PublishedScore2dp" : "62.33%",
					"LowBase" : false
				},
				{
					"Brand" : "Clydesdale Bank",
					"Rank" : 14,
					"DisplayRank" : "14",
					"PublishedScore" : "60%",
					"PublishedScore2dp" : "60.23%",
					"LowBase" : false
				},
				{
					"Brand" : "Royal Bank of Scotland",
					"Rank" : 15,
					"DisplayRank" : "15",
					"PublishedScore" : "57%",
					"PublishedScore2dp" : "56.60%",
					"LowBase" : false
				}
			]
		},
		{
			"QuestionNumber" : "PCAQ3Recommend",
			"Title" : "Online and mobile banking services – Recommendation ranking",
			"SubTitle" : "Q03. And again based on your experience over the last three months are you likely or unlikely to recommend {bank}’s online and mobile banking services to friends and family, if asked by them?",
			"Footnotes" : [ "Results show those Extremely and Very likely to recommend as a percentage of all except DK answers, Do not recommend and No experience.", "The ranking does not include any brands where the eligible sample size is less than 100.", "Fieldwork period: September 2017 to June 2018, Publication date: 15th August 2018"],
			"Results" : [

				{
					"Brand" : "first direct",
					"Rank" : 1,
					"DisplayRank" : "1",
					"PublishedScore" : "83%",
					"PublishedScore2dp" : "83.43%",
					"LowBase" : false
				},
				{
					"Brand" : "Barclays Bank UK",
					"Rank" : 2,
					"DisplayRank" : "2",
					"PublishedScore" : "81%",
					"PublishedScore2dp" : "81.38%",
					"LowBase" : false
				},
				{
					"Brand" : "Metro Bank",
					"Rank" : 3,
					"DisplayRank" : "2",
					"PublishedScore" : "81%",
					"PublishedScore2dp" : "81.28%",
					"LowBase" : false
				},
				{
					"Brand" : "Halifax",
					"Rank" : 4,
					"DisplayRank" : "4",
					"PublishedScore" : "80%",
					"PublishedScore2dp" : "79.95%",
					"LowBase" : false
				},
				{
					"Brand" : "Bank of Scotland",
					"Rank" : 5,
					"DisplayRank" : "5",
					"PublishedScore" : "78%",
					"PublishedScore2dp" : "77.57%",
					"LowBase" : false
				},
				{
					"Brand" : "Nationwide",
					"Rank" : 6,
					"DisplayRank" : "5",
					"PublishedScore" : "78%",
					"PublishedScore2dp" : "77.55%",
					"LowBase" : false
				},
				{
					"Brand" : "Lloyds Bank",
					"Rank" : 7,
					"DisplayRank" : "7",
					"PublishedScore" : "76%",
					"PublishedScore2dp" : "75.94%",
					"LowBase" : false
				},
				{
					"Brand" : "NatWest",
					"Rank" : 8,
					"DisplayRank" : "7",
					"PublishedScore" : "76%",
					"PublishedScore2dp" : "75.52%",
					"LowBase" : false
				},
				{
					"Brand" : "Santander UK",
					"Rank" : 9,
					"DisplayRank" : "9",
					"PublishedScore" : "75%",
					"PublishedScore2dp" : "74.50%",
					"LowBase" : false
				},
				{
					"Brand" : "HSBC UK",
					"Rank" : 10,
					"DisplayRank" : "10",
					"PublishedScore" : "73%",
					"PublishedScore2dp" : "72.98%",
					"LowBase" : false
				},
				{
					"Brand" : "Coventry Building Society",
					"Rank" : 11,
					"DisplayRank" : "11",
					"PublishedScore" : "72%",
					"PublishedScore2dp" : "71.93%",
					"LowBase" : false
				},
				{
					"Brand" : "Yorkshire Bank",
					"Rank" : 12,
					"DisplayRank" : "12",
					"PublishedScore" : "70%",
					"PublishedScore2dp" : "70.27%",
					"LowBase" : false
				},
				{
					"Brand" : "Royal Bank of Scotland",
					"Rank" : 13,
					"DisplayRank" : "13",
					"PublishedScore" : "67%",
					"PublishedScore2dp" : "67.14%",
					"LowBase" : false
				},
				{
					"Brand" : "Clydesdale Bank",
					"Rank" : 14,
					"DisplayRank" : "14",
					"PublishedScore" : "66%",
					"PublishedScore2dp" : "65.77%",
					"LowBase" : false
				},
				{
					"Brand" : "The Co-operative Bank",
					"Rank" : 15,
					"DisplayRank" : "15",
					"PublishedScore" : "64%",
					"PublishedScore2dp" : "63.75%",
					"LowBase" : false
				},
				{
					"Brand" : "TSB",
					"Rank" : 16,
					"DisplayRank" : "16",
					"PublishedScore" : "59%",
					"PublishedScore2dp" : "59.36%",
					"LowBase" : false
				}

					
			]
		},
		{
			"QuestionNumber" : "PCAQ4Recommend",
			"Title" : "Overdraft services – Recommendation ranking",
			"SubTitle" : "Q04. Based on your experience over the last twelve months are you likely or unlikely to recommend {bank}’s overdraft services to friends and family, if asked by them?",
			"Footnotes" : [ "Note: Results show those Extremely and Very likely to recommend as a percentage of all except DK answers, Do not recommend and No experience.", "The ranking does not include any brands where the eligible sample size is less than 100.", "Fieldwork period: September 2017 to June 2018, Publication date: 15th August 2018"],
			"Results" : [

				{
					"Brand" : "first direct",
					"Rank" : 1,
					"DisplayRank" : "1",
					"PublishedScore" : "77%",
					"PublishedScore2dp" : "76.60%",
					"LowBase" : false
				},
				{
					"Brand" : "Metro Bank",
					"Rank" : 2,
					"DisplayRank" : "2",
					"PublishedScore" : "69%",
					"PublishedScore2dp" : "69.46%",
					"LowBase" : false
				},
				{
					"Brand" : "Barclays Bank UK",
					"Rank" : 3,
					"DisplayRank" : "3",
					"PublishedScore" : "65%",
					"PublishedScore2dp" : "64.65%",
					"LowBase" : false
				},
				{
					"Brand" : "Nationwide",
					"Rank" : 4,
					"DisplayRank" : "4",
					"PublishedScore" : "63%",
					"PublishedScore2dp" : "62.78%",
					"LowBase" : false
				},
				{
					"Brand" : "Santander UK",
					"Rank" : 5,
					"DisplayRank" : "5",
					"PublishedScore" : "60%",
					"PublishedScore2dp" : "59.87%",
					"LowBase" : false
				},
				{
					"Brand" : "HSBC UK",
					"Rank" : 6,
					"DisplayRank" : "5",
					"PublishedScore" : "60%",
					"PublishedScore2dp" : "59.83%",
					"LowBase" : false
				},
				{
					"Brand" : "Lloyds Bank",
					"Rank" : 7,
					"DisplayRank" : "7",
					"PublishedScore" : "57%",
					"PublishedScore2dp" : "57.38%",
					"LowBase" : false
				},
				{
					"Brand" : "NatWest",
					"Rank" : 8,
					"DisplayRank" : "7",
					"PublishedScore" : "57%",
					"PublishedScore2dp" : "57.07%",
					"LowBase" : false
				},
				{
					"Brand" : "Yorkshire Bank",
					"Rank" : 9,
					"DisplayRank" : "9",
					"PublishedScore" : "56%",
					"PublishedScore2dp" : "55.69%",
					"LowBase" : false
				},
				{
					"Brand" : "Halifax",
					"Rank" : 10,
					"DisplayRank" : "10",
					"PublishedScore" : "54%",
					"PublishedScore2dp" : "54.19%",
					"LowBase" : false
				},
				{
					"Brand" : "TSB",
					"Rank" : 11,
					"DisplayRank" : "11",
					"PublishedScore" : "53%",
					"PublishedScore2dp" : "53.35%",
					"LowBase" : false
				},
				{
					"Brand" : "Bank of Scotland",
					"Rank" : 12,
					"DisplayRank" : "11",
					"PublishedScore" : "53%",
					"PublishedScore2dp" : "53.03%",
					"LowBase" : false
				},
				{
					"Brand" : "The Co-operative Bank",
					"Rank" : 13,
					"DisplayRank" : "11",
					"PublishedScore" : "53%",
					"PublishedScore2dp" : "52.72%",
					"LowBase" : false
				},
				{
					"Brand" : "Royal Bank of Scotland",
					"Rank" : 14,
					"DisplayRank" : "14",
					"PublishedScore" : "51%",
					"PublishedScore2dp" : "51.01%",
					"LowBase" : false
				},
				{
					"Brand" : "Clydesdale Bank",
					"Rank" : 15,
					"DisplayRank" : "14",
					"PublishedScore" : "51%",
					"PublishedScore2dp" : "50.57%",
					"LowBase" : false
				}

			]
		}
	]
	}
}
