{
	"Meta" : {
		"ProductType" : "PCA",
		"Area" : "NI",
		"LastUpdated" : "2019-02-08T17:46:15",
		"TotalResults" : 4508,
		"Wave" : "2018-H2",
		"Agreement" : "Use of the APIs and any related data will be subject to the terms of the Open Licence and subject to terms and conditions",
		"License" : "https://openbanking.org.uk/open-licence",
		"TermsOfUse" : "https://openbanking.org.uk/terms"
	},
	"Data" : {
		"Question" : [
		{
			"QuestionNumber" : "PCAQ1Recommend",
			"Title" : "Overall service quality – Recommendation ranking",
			"SubTitle" : "Q01. Thinking about your {current account/payment account}, taking everything into account, are you likely or unlikely to recommend {bank} to friends and family for current account banking, if asked by them?",
			"Footnotes" : [ "Results show those Extremely and Very likely to recommend as a percentage of all except DK answers and Do not recommend", "The ranking does not include any brands where the eligible sample size is less than 100.", "Fieldwork period: September 2017 to June 2018, Publication date: 15th August 2018"],
			"Results" : [

				{
					"Brand" : "Nationwide",
					"Rank" : 1,
					"DisplayRank" : "1",
					"PublishedScore" : "72%",
					"PublishedScore2dp" : "71.67%",
					"LowBase" : false
				},
				{
					"Brand" : "HSBC UK",
					"Rank" : 2,
					"DisplayRank" : "2",
					"PublishedScore" : "69%",
					"PublishedScore2dp" : "69.19%",
					"LowBase" : false
				},
				{
					"Brand" : "Barclays Bank UK",
					"Rank" : 3,
					"DisplayRank" : "3",
					"PublishedScore" : "68%",
					"PublishedScore2dp" : "68.26%",
					"LowBase" : false
				},
				{
					"Brand" : "Danske Bank",
					"Rank" : 4,
					"DisplayRank" : "4",
					"PublishedScore" : "67%",
					"PublishedScore2dp" : "66.64%",
					"LowBase" : false
				},
				{
					"Brand" : "Halifax",
					"Rank" : 5,
					"DisplayRank" : "5",
					"PublishedScore" : "65%",
					"PublishedScore2dp" : "65.22%",
					"LowBase" : false
				},
				{
					"Brand" : "Santander UK",
					"Rank" : 6,
					"DisplayRank" : "5",
					"PublishedScore" : "65%",
					"PublishedScore2dp" : "64.77%",
					"LowBase" : false
				},
				{
					"Brand" : "Ulster Bank",
					"Rank" : 7,
					"DisplayRank" : "7",
					"PublishedScore" : "59%",
					"PublishedScore2dp" : "59.33%",
					"LowBase" : false
				},
				{
					"Brand" : "Bank of Ireland UK",
					"Rank" : 8,
					"DisplayRank" : "8",
					"PublishedScore" : "54%",
					"PublishedScore2dp" : "54.06%",
					"LowBase" : false
				},
				{
					"Brand" : "First Trust Bank",
					"Rank" : 9,
					"DisplayRank" : "9",
					"PublishedScore" : "52%",
					"PublishedScore2dp" : "51.90%",
					"LowBase" : false
				}
			]
		},
		{
			"QuestionNumber" : "PCAQ2Recommend",
			"Title" : "Services in branches – Recommendation ranking",
			"SubTitle" : "Q02. I’d like to ask next about the branch services that {bank} offers – by that I mean the staff and facilities including any machines inside the branch. If you have used a Post Office to carry out banking activities on your {bank} account please include this. Based on your experience over the last three months are you likely or unlikely to recommend {bank}’s branch services to friends and family, if asked by them?",
			"Footnotes" : [ "Results show those Extremely and Very likely to recommend as a percentage of all except DK answers, Do not recommend and No experience.", "The ranking does not include any brands where the eligible sample size is less than 100.", "Fieldwork period: September 2017 to June 2018,  Publication date: 15th August 2018"],
			"Results" : [

				{
					"Brand" : "Nationwide",
					"Rank" : 1,
					"DisplayRank" : "1",
					"PublishedScore" : "76%",
					"PublishedScore2dp" : "75.97%",
					"LowBase" : false
				},
				{
					"Brand" : "Santander UK",
					"Rank" : 2,
					"DisplayRank" : "2",
					"PublishedScore" : "75%",
					"PublishedScore2dp" : "74.88%",
					"LowBase" : false
				},
				{
					"Brand" : "Barclays Bank UK",
					"Rank" : 3,
					"DisplayRank" : "3",
					"PublishedScore" : "74%",
					"PublishedScore2dp" : "73.82%",
					"LowBase" : false
				},
				{
					"Brand" : "Danske Bank",
					"Rank" : 4,
					"DisplayRank" : "4",
					"PublishedScore" : "73%",
					"PublishedScore2dp" : "73.02%",
					"LowBase" : false
				},
				{
					"Brand" : "HSBC UK",
					"Rank" : 5,
					"DisplayRank" : "5",
					"PublishedScore" : "71%",
					"PublishedScore2dp" : "71.01%",
					"LowBase" : false
				},
				{
					"Brand" : "Ulster Bank",
					"Rank" : 6,
					"DisplayRank" : "6",
					"PublishedScore" : "69%",
					"PublishedScore2dp" : "68.71%",
					"LowBase" : false
				},
				{
					"Brand" : "Halifax",
					"Rank" : 7,
					"DisplayRank" : "7",
					"PublishedScore" : "66%",
					"PublishedScore2dp" : "65.89%",
					"LowBase" : false
				},
				{
					"Brand" : "Bank of Ireland UK",
					"Rank" : 8,
					"DisplayRank" : "8",
					"PublishedScore" : "63%",
					"PublishedScore2dp" : "62.90%",
					"LowBase" : false
				},
				{
					"Brand" : "First Trust Bank",
					"Rank" : 9,
					"DisplayRank" : "9",
					"PublishedScore" : "54%",
					"PublishedScore2dp" : "53.95%",
					"LowBase" : false
				}	
			]
		},
		{
			"QuestionNumber" : "PCAQ3Recommend",
			"Title" : "Online and mobile banking services – Recommendation ranking",
			"SubTitle" : "Q03. And again based on your experience over the last three months are you likely or unlikely to recommend {bank}’s online and mobile banking services to friends and family, if asked by them?",
			"Footnotes" : [ "Results show those Extremely and Very likely to recommend as a percentage of all except DK answers, Do not recommend and No experience.", "The ranking does not include any brands where the eligible sample size is less than 100.", "Fieldwork period: September 2017 to June 2018, Publication date: 15th August 2018"],
			"Results" : [

				{
					"Brand" : "Nationwide",
					"Rank" : 1,
					"DisplayRank" : "1",
					"PublishedScore" : "83%",
					"PublishedScore2dp" : "82.54%",
					"LowBase" : false
				},
				{
					"Brand" : "Santander UK",
					"Rank" : 2,
					"DisplayRank" : "2",
					"PublishedScore" : "81%",
					"PublishedScore2dp" : "81.37%",
					"LowBase" : false
				},
				{
					"Brand" : "Danske Bank",
					"Rank" : 3,
					"DisplayRank" : "2",
					"PublishedScore" : "81%",
					"PublishedScore2dp" : "81.37%",
					"LowBase" : false
				},
				{
					"Brand" : "Barclays Bank UK",
					"Rank" : 4,
					"DisplayRank" : "4",
					"PublishedScore" : "80%",
					"PublishedScore2dp" : "80.12%",
					"LowBase" : false
				},
				{
					"Brand" : "Halifax",
					"Rank" : 5,
					"DisplayRank" : "4",
					"PublishedScore" : "80%",
					"PublishedScore2dp" : "79.57%",
					"LowBase" : false
				},
				{
					"Brand" : "HSBC UK",
					"Rank" : 6,
					"DisplayRank" : "6",
					"PublishedScore" : "79%",
					"PublishedScore2dp" : "79.03%",
					"LowBase" : false
				},
				{
					"Brand" : "Ulster Bank",
					"Rank" : 7,
					"DisplayRank" : "7",
					"PublishedScore" : "75%",
					"PublishedScore2dp" : "74.85%",
					"LowBase" : false
				},
				{
					"Brand" : "Bank of Ireland UK",
					"Rank" : 8,
					"DisplayRank" : "8",
					"PublishedScore" : "73%",
					"PublishedScore2dp" : "72.88%",
					"LowBase" : false
				},
				{
					"Brand" : "First Trust Bank",
					"Rank" : 9,
					"DisplayRank" : "9",
					"PublishedScore" : "67%",
					"PublishedScore2dp" : "66.88%",
					"LowBase" : false
				}	
			]
		},
		{
			"QuestionNumber" : "PCAQ4Recommend",
			"Title" : "Overdraft services – Recommendation ranking",
			"SubTitle" : "Q04. Based on your experience over the last twelve months are you likely or unlikely to recommend {bank}’s overdraft services to friends and family, if asked by them?",
			"Footnotes" : [ "Note: Results show those Extremely and Very likely to recommend as a percentage of all except DK answers, Do not recommend and No experience.", "The ranking does not include any brands where the eligible sample size is less than 100.", "Fieldwork period: September 2017 to June 2018, Publication date: 15th August 2018"],
			"Results" : [

				{
					"Brand" : "Nationwide",
					"Rank" : 1,
					"DisplayRank" : "1",
					"PublishedScore" : "77%",
					"PublishedScore2dp" : "76.99%",
					"LowBase" : false
				},
				{
					"Brand" : "HSBC UK",
					"Rank" : 2,
					"DisplayRank" : "2",
					"PublishedScore" : "70%",
					"PublishedScore2dp" : "69.74%",
					"LowBase" : false
				},
				{
					"Brand" : "Santander UK",
					"Rank" : 3,
					"DisplayRank" : "3",
					"PublishedScore" : "69%",
					"PublishedScore2dp" : "68.90%",
					"LowBase" : false
				},
				{
					"Brand" : "Danske Bank",
					"Rank" : 4,
					"DisplayRank" : "4",
					"PublishedScore" : "66%",
					"PublishedScore2dp" : "65.77%",
					"LowBase" : false
				},
				{
					"Brand" : "Barclays Bank UK",
					"Rank" : 5,
					"DisplayRank" : "5",
					"PublishedScore" : "62%",
					"PublishedScore2dp" : "62.33%",
					"LowBase" : false
				},
				{
					"Brand" : "Ulster Bank",
					"Rank" : 6,
					"DisplayRank" : "6",
					"PublishedScore" : "61%",
					"PublishedScore2dp" : "60.51%",
					"LowBase" : false
				},
				{
					"Brand" : "Halifax",
					"Rank" : 7,
					"DisplayRank" : "7",
					"PublishedScore" : "51%",
					"PublishedScore2dp" : "51.44%",
					"LowBase" : false
				},
				{
					"Brand" : "Bank of Ireland UK",
					"Rank" : 8,
					"DisplayRank" : "8",
					"PublishedScore" : "49%",
					"PublishedScore2dp" : "49.02%",
					"LowBase" : false
				}
					
			]
		}
	]
	}
}
