{
	"Meta" : {
		"ProductType" : "PCA",
		"Area" : "GB",
		"LastUpdated" : "2019-01-31T17:13:08",
		"TotalResults" : 10266,
		"Wave" : "2018-H2",
		"Agreement" : "Use of the APIs and any related data will be subject to the terms of the Open Licence and subject to terms and conditions",
		"License" : "https://openbanking.org.uk/open-licence",
		"TermsOfUse" : "https://openbanking.org.uk/terms"
	},
	"Data" : {
		"Question" : [
		{
			"QuestionNumber" : "PCAQ1Recommend",
			"Title" : "Overall service quality – Recommendation ranking",
			"SubTitle" : "Q01. Thinking about your {current account/payment account}, taking everything into account, are you likely or unlikely to recommend {bank} to friends and family for current account banking, if asked by them?",
			"Footnotes" : [ "Results show those Extremely and Very likely to recommend as a percentage of all except DK answers and Do not recommend", "The ranking does not include any brands where the eligible sample size is less than 100.", "Fieldwork period: September 2017 to June 2018, Publication date: 15th August 2018"],
			"Results" : [
				{
					"Brand" : "Clydesdale Bank",
					"Rank" : 1,
					"DisplayRank" : "1",
					"PublishedScore" : "56%",
					"PublishedScore2dp" : "55.82%",
					"LowBase" : false
				},
				{
					"Brand" : "Coventry Building Society",
					"Rank" : 2,
					"DisplayRank" : "2",
					"PublishedScore" : "52%",
					"PublishedScore2dp" : "51.80%",
					"LowBase" : false
				},
				{
					"Brand" : "Nationwide ",
					"Rank" : 3,
					"DisplayRank" : "3",
					"PublishedScore" : "52%",
					"PublishedScore2dp" : "51.65%",
					"LowBase" : false
				},
				{
					"Brand" : "TSB",
					"Rank" : 4,
					"DisplayRank" : "4",
					"PublishedScore" : "51%",
					"PublishedScore2dp" : "51.02%",
					"LowBase" : false
				},
				{
					"Brand" : "HSBC UK",
					"Rank" : 5,
					"DisplayRank" : "5",
					"PublishedScore" : "50%",
					"PublishedScore2dp" : "50.36%",
					"LowBase" : false
				},
				{
					"Brand" : "Metro Bank",
					"Rank" : 6,
					"DisplayRank" : "6",
					"PublishedScore" : "50%",
					"PublishedScore2dp" : "49.54%",
					"LowBase" : false
				},
				{
					"Brand" : "The Co-operative Bank",
					"Rank" : 7,
					"DisplayRank" : "7",
					"PublishedScore" : "49%",
					"PublishedScore2dp" : "48.56%",
					"LowBase" : false
				},
				{
					"Brand" : "Natwest",
					"Rank" : 8,
					"DisplayRank" : "8",
					"PublishedScore" : "48%",
					"PublishedScore2dp" : "48.40%",
					"LowBase" : false
				},
				{
					"Brand" : "First Direct",
					"Rank" : 9,
					"DisplayRank" : "9",
					"PublishedScore" : "48%",
					"PublishedScore2dp" : "47.89%",
					"LowBase" : false
				},
				{
					"Brand" : "Royal Bank of Scotland",
					"Rank" : 10,
					"DisplayRank" : "10",
					"PublishedScore" : "48%",
					"PublishedScore2dp" : "47.79%",
					"LowBase" : false
				},
				{
					"Brand" : "Yorkshire Bank",
					"Rank" : 11,
					"DisplayRank" : "11",
					"PublishedScore" : "48%",
					"PublishedScore2dp" : "47.64%",
					"LowBase" : false
				},
				{
					"Brand" : "Lloyds Bank",
					"Rank" : 12,
					"DisplayRank" : "12",
					"PublishedScore" : "47%",
					"PublishedScore2dp" : "47.18%",
					"LowBase" : false
				},
				{
					"Brand" : "Bank of Scotland",
					"Rank" : 13,
					"DisplayRank" : "13",
					"PublishedScore" : "47%",
					"PublishedScore2dp" : "46.95%",
					"LowBase" : false
				},
				{
					"Brand" : "Barclays Bank UK",
					"Rank" : 14,
					"DisplayRank" : "14",
					"PublishedScore" : "47%",
					"PublishedScore2dp" : "46.65%",
					"LowBase" : false
				},
				{
					"Brand" : "Santander UK",
					"Rank" : 15,
					"DisplayRank" : "15",
					"PublishedScore" : "47%",
					"PublishedScore2dp" : "46.59%",
					"LowBase" : false
				},
				{
					"Brand" : "Halifax",
					"Rank" : 16,
					"DisplayRank" : "16",
					"PublishedScore" : "46%",
					"PublishedScore2dp" : "46.32%",
					"LowBase" : false
				}
			]
		},
		{
			"QuestionNumber" : "PCAQ2Recommend",
			"Title" : "Services in branches – Recommendation ranking",
			"SubTitle" : "Q02. I’d like to ask next about the branch services that {bank} offers – by that I mean the staff and facilities including any machines inside the branch. If you have used a Post Office to carry out banking activities on your {bank} account please include this. Based on your experience over the last three months are you likely or unlikely to recommend {bank}’s branch services to friends and family, if asked by them?",
			"Footnotes" : [ "Results show those Extremely and Very likely to recommend as a percentage of all except DK answers, Do not recommend and No experience.", "The ranking does not include any brands where the eligible sample size is less than 100.", "Fieldwork period: September 2017 to June 2018,  Publication date: 15th August 2018"],
			"Results" : [

				{
					"Brand" : "Santander UK",
					"Rank" : 1,
					"DisplayRank" : "1",
					"PublishedScore" : "55%",
					"PublishedScore2dp" : "55.32%",
					"LowBase" : false
				},
				{
					"Brand" : "Halifax",
					"Rank" : 2,
					"DisplayRank" : "2",
					"PublishedScore" : "54%",
					"PublishedScore2dp" : "54.37%",
					"LowBase" : false
				},
				{
					"Brand" : "Nationwide ",
					"Rank" : 3,
					"DisplayRank" : "3",
					"PublishedScore" : "53%",
					"PublishedScore2dp" : "53.23%",
					"LowBase" : false
				},
				{
					"Brand" : "Yorkshire Bank",
					"Rank" : 4,
					"DisplayRank" : "4",
					"PublishedScore" : "53%",
					"PublishedScore2dp" : "52.51%",
					"LowBase" : false
				},
				{
					"Brand" : "Lloyds Bank",
					"Rank" : 5,
					"DisplayRank" : "5",
					"PublishedScore" : "52%",
					"PublishedScore2dp" : "52.11%",
					"LowBase" : false
				},
				{
					"Brand" : "First Direct",
					"Rank" : 6,
					"DisplayRank" : "6",
					"PublishedScore" : "52%",
					"PublishedScore2dp" : "51.97%",
					"LowBase" : false
				},
				{
					"Brand" : "Bank of Scotland",
					"Rank" : 7,
					"DisplayRank" : "7",
					"PublishedScore" : "52%",
					"PublishedScore2dp" : "51.63%",
					"LowBase" : false
				},
				{
					"Brand" : "TSB",
					"Rank" : 8,
					"DisplayRank" : "8",
					"PublishedScore" : "51%",
					"PublishedScore2dp" : "51.50%",
					"LowBase" : false
				},
				{
					"Brand" : "Barclays Bank UK",
					"Rank" : 9,
					"DisplayRank" : "9",
					"PublishedScore" : "51%",
					"PublishedScore2dp" : "50.89%",
					"LowBase" : false
				},
				{
					"Brand" : "Coventry Building Society",
					"Rank" : 10,
					"DisplayRank" : "10",
					"PublishedScore" : "50%",
					"PublishedScore2dp" : "50.27%",
					"LowBase" : false
				},
				{
					"Brand" : "Metro Bank",
					"Rank" : 11,
					"DisplayRank" : "11",
					"PublishedScore" : "50%",
					"PublishedScore2dp" : "49.86%",
					"LowBase" : false
				},
				{
					"Brand" : "HSBC UK",
					"Rank" : 12,
					"DisplayRank" : "12",
					"PublishedScore" : "50%",
					"PublishedScore2dp" : "49.61%",
					"LowBase" : false
				},
				{
					"Brand" : "Clydesdale Bank",
					"Rank" : 13,
					"DisplayRank" : "13",
					"PublishedScore" : "49%",
					"PublishedScore2dp" : "48.68%",
					"LowBase" : false
				},
				{
					"Brand" : "Royal Bank of Scotland",
					"Rank" : 14,
					"DisplayRank" : "14",
					"PublishedScore" : "47%",
					"PublishedScore2dp" : "46.70%",
					"LowBase" : false
				},
				{
					"Brand" : "Natwest",
					"Rank" : 15,
					"DisplayRank" : "15",
					"PublishedScore" : "46%",
					"PublishedScore2dp" : "46.41%",
					"LowBase" : false
				},
				{
					"Brand" : "The Co-operative Bank",
					"Rank" : 16,
					"DisplayRank" : "16",
					"PublishedScore" : "46%",
					"PublishedScore2dp" : "46.26%",
					"LowBase" : false
				}
			]
		},
		{
			"QuestionNumber" : "PCAQ3Recommend",
			"Title" : "Online and mobile banking services – Recommendation ranking",
			"SubTitle" : "Q03. And again based on your experience over the last three months are you likely or unlikely to recommend {bank}’s online and mobile banking services to friends and family, if asked by them?",
			"Footnotes" : [ "Results show those Extremely and Very likely to recommend as a percentage of all except DK answers, Do not recommend and No experience.", "The ranking does not include any brands where the eligible sample size is less than 100.", "Fieldwork period: September 2017 to June 2018, Publication date: 15th August 2018"],
			"Results" : [

				{
					"Brand" : "Lloyds Bank",
					"Rank" : 1,
					"DisplayRank" : "1",
					"PublishedScore" : "55%",
					"PublishedScore2dp" : "55.18%",
					"LowBase" : false
				},
				{
					"Brand" : "Yorkshire Bank",
					"Rank" : 2,
					"DisplayRank" : "2",
					"PublishedScore" : "53%",
					"PublishedScore2dp" : "53.24%",
					"LowBase" : false
				},
				{
					"Brand" : "Nationwide ",
					"Rank" : 3,
					"DisplayRank" : "3",
					"PublishedScore" : "53%",
					"PublishedScore2dp" : "52.57%",
					"LowBase" : false
				},
				{
					"Brand" : "Metro Bank",
					"Rank" : 4,
					"DisplayRank" : "4",
					"PublishedScore" : "51%",
					"PublishedScore2dp" : "50.80%",
					"LowBase" : false
				},
				{
					"Brand" : "Clydesdale Bank",
					"Rank" : 5,
					"DisplayRank" : "5",
					"PublishedScore" : "51%",
					"PublishedScore2dp" : "50.55%",
					"LowBase" : false
				},
				{
					"Brand" : "Santander UK",
					"Rank" : 6,
					"DisplayRank" : "6",
					"PublishedScore" : "50%",
					"PublishedScore2dp" : "50.40%",
					"LowBase" : false
				},
				{
					"Brand" : "Halifax",
					"Rank" : 7,
					"DisplayRank" : "7",
					"PublishedScore" : "50%",
					"PublishedScore2dp" : "49.87%",
					"LowBase" : false
				},
				{
					"Brand" : "HSBC UK",
					"Rank" : 8,
					"DisplayRank" : "8",
					"PublishedScore" : "50%",
					"PublishedScore2dp" : "49.60%",
					"LowBase" : false
				},
				{
					"Brand" : "First Direct",
					"Rank" : 9,
					"DisplayRank" : "9",
					"PublishedScore" : "49%",
					"PublishedScore2dp" : "48.81%",
					"LowBase" : false
				},
				{
					"Brand" : "Natwest",
					"Rank" : 10,
					"DisplayRank" : "10",
					"PublishedScore" : "48%",
					"PublishedScore2dp" : "47.97%",
					"LowBase" : false
				},
				{
					"Brand" : "Bank of Scotland",
					"Rank" : 11,
					"DisplayRank" : "11",
					"PublishedScore" : "48%",
					"PublishedScore2dp" : "47.65%",
					"LowBase" : false
				},
				{
					"Brand" : "The Co-operative Bank",
					"Rank" : 12,
					"DisplayRank" : "12",
					"PublishedScore" : "47%",
					"PublishedScore2dp" : "46.75%",
					"LowBase" : false
				},
				{
					"Brand" : "Barclays Bank UK",
					"Rank" : 13,
					"DisplayRank" : "13",
					"PublishedScore" : "47%",
					"PublishedScore2dp" : "46.59%",
					"LowBase" : false
				},
				{
					"Brand" : "Coventry Building Society",
					"Rank" : 14,
					"DisplayRank" : "14",
					"PublishedScore" : "46%",
					"PublishedScore2dp" : "46.44%",
					"LowBase" : false
				},
				{
					"Brand" : "TSB",
					"Rank" : 15,
					"DisplayRank" : "15",
					"PublishedScore" : "46%",
					"PublishedScore2dp" : "46.07%",
					"LowBase" : false
				},
				{
					"Brand" : "Royal Bank of Scotland",
					"Rank" : 16,
					"DisplayRank" : "16",
					"PublishedScore" : "46%",
					"PublishedScore2dp" : "45.79%",
					"LowBase" : false
				}				
			]
		},
		{
			"QuestionNumber" : "PCAQ4Recommend",
			"Title" : "Overdraft services – Recommendation ranking",
			"SubTitle" : "Q04. Based on your experience over the last twelve months are you likely or unlikely to recommend {bank}’s overdraft services to friends and family, if asked by them?",
			"Footnotes" : [ "Note: Results show those Extremely and Very likely to recommend as a percentage of all except DK answers, Do not recommend and No experience.", "The ranking does not include any brands where the eligible sample size is less than 100.", "Fieldwork period: September 2017 to June 2018, Publication date: 15th August 2018"],
			"Results" : [

				{
					"Brand" : "TSB",
					"Rank" : 1,
					"DisplayRank" : "1",
					"PublishedScore" : "54%",
					"PublishedScore2dp" : "53.66%",
					"LowBase" : false
				},
				{
					"Brand" : "Clydesdale Bank",
					"Rank" : 2,
					"DisplayRank" : "2",
					"PublishedScore" : "54%",
					"PublishedScore2dp" : "53.60%",
					"LowBase" : false
				},
				{
					"Brand" : "Yorkshire Bank",
					"Rank" : 3,
					"DisplayRank" : "3",
					"PublishedScore" : "53%",
					"PublishedScore2dp" : "53.49%",
					"LowBase" : false
				},
				{
					"Brand" : "Royal Bank of Scotland",
					"Rank" : 4,
					"DisplayRank" : "4",
					"PublishedScore" : "53%",
					"PublishedScore2dp" : "52.54%",
					"LowBase" : false
				},
				{
					"Brand" : "HSBC UK",
					"Rank" : 5,
					"DisplayRank" : "5",
					"PublishedScore" : "50%",
					"PublishedScore2dp" : "50.44%",
					"LowBase" : false
				},
				{
					"Brand" : "Santander UK",
					"Rank" : 6,
					"DisplayRank" : "6",
					"PublishedScore" : "50%",
					"PublishedScore2dp" : "50.38%",
					"LowBase" : false
				},
				{
					"Brand" : "Nationwide ",
					"Rank" : 7,
					"DisplayRank" : "7",
					"PublishedScore" : "50%",
					"PublishedScore2dp" : "50.27%",
					"LowBase" : false
				},
				{
					"Brand" : "Coventry Building Society",
					"Rank" : 8,
					"DisplayRank" : "8",
					"PublishedScore" : "50%",
					"PublishedScore2dp" : "49.86%",
					"LowBase" : false
				},
				{
					"Brand" : "Halifax",
					"Rank" : 9,
					"DisplayRank" : "9",
					"PublishedScore" : "49%",
					"PublishedScore2dp" : "48.60%",
					"LowBase" : false
				},
				{
					"Brand" : "The Co-operative Bank",
					"Rank" : 10,
					"DisplayRank" : "10",
					"PublishedScore" : "49%",
					"PublishedScore2dp" : "48.60%",
					"LowBase" : false
				},
				{
					"Brand" : "Lloyds Bank",
					"Rank" : 11,
					"DisplayRank" : "11",
					"PublishedScore" : "47%",
					"PublishedScore2dp" : "47.43%",
					"LowBase" : false
				},
				{
					"Brand" : "Metro Bank",
					"Rank" : 12,
					"DisplayRank" : "12",
					"PublishedScore" : "47%",
					"PublishedScore2dp" : "47.28%",
					"LowBase" : false
				},
				{
					"Brand" : "Barclays Bank UK",
					"Rank" : 13,
					"DisplayRank" : "13",
					"PublishedScore" : "47%",
					"PublishedScore2dp" : "47.06%",
					"LowBase" : false
				},
				{
					"Brand" : "First Direct",
					"Rank" : 14,
					"DisplayRank" : "14",
					"PublishedScore" : "47%",
					"PublishedScore2dp" : "46.80%",
					"LowBase" : false
				},
				{
					"Brand" : "Natwest",
					"Rank" : 15,
					"DisplayRank" : "15",
					"PublishedScore" : "47%",
					"PublishedScore2dp" : "46.56%",
					"LowBase" : false
				},
				{
					"Brand" : "Bank of Scotland",
					"Rank" : 16,
					"DisplayRank" : "16",
					"PublishedScore" : "45%",
					"PublishedScore2dp" : "44.69%",
					"LowBase" : false
				}

			]
		}
	]
	}
}
