{
	"Meta" : {
		"ProductType" : "PCA",
		"Area" : "NI",
		"LastUpdated" : "2019-01-31T17:15:02",
		"TotalResults" : 10265,
		"Wave" : "2018-H2",
		"Agreement" : "Use of the APIs and any related data will be subject to the terms of the Open Licence and subject to terms and conditions",
		"License" : "https://openbanking.org.uk/open-licence",
		"TermsOfUse" : "https://openbanking.org.uk/terms"
	},
	"Data" : {
		"Question" : [
		{
			"QuestionNumber" : "PCAQ1Recommend",
			"Title" : "Overall service quality – Recommendation ranking",
			"SubTitle" : "Q01. Thinking about your {current account/payment account}, taking everything into account, are you likely or unlikely to recommend {bank} to friends and family for current account banking, if asked by them?",
			"Footnotes" : [ "Results show those Extremely and Very likely to recommend as a percentage of all except DK answers and Do not recommend", "The ranking does not include any brands where the eligible sample size is less than 100.", "Fieldwork period: September 2017 to June 2018, Publication date: 15th August 2018"],
			"Results" : [

				{
					"Brand" : "Ulster Bank",
					"Rank" : 1,
					"DisplayRank" : "1",
					"PublishedScore" : "51%",
					"PublishedScore2dp" : "51.25%",
					"LowBase" : false
				},
				{
					"Brand" : "Bank of Ireland UK",
					"Rank" : 2,
					"DisplayRank" : "2",
					"PublishedScore" : "51%",
					"PublishedScore2dp" : "51.07%",
					"LowBase" : false
				},
				{
					"Brand" : "Barclays Bank UK",
					"Rank" : 3,
					"DisplayRank" : "3",
					"PublishedScore" : "51%",
					"PublishedScore2dp" : "50.81%",
					"LowBase" : false
				},
				{
					"Brand" : "Halifax",
					"Rank" : 4,
					"DisplayRank" : "4",
					"PublishedScore" : "50%",
					"PublishedScore2dp" : "50.20%",
					"LowBase" : false
				},
				{
					"Brand" : "First Trust Bank",
					"Rank" : 5,
					"DisplayRank" : "5",
					"PublishedScore" : "50%",
					"PublishedScore2dp" : "49.54%",
					"LowBase" : false
				},
				{
					"Brand" : "HSBC UK",
					"Rank" : 6,
					"DisplayRank" : "6",
					"PublishedScore" : "49%",
					"PublishedScore2dp" : "49.19%",
					"LowBase" : false
				},
				{
					"Brand" : "Danske Bank",
					"Rank" : 7,
					"DisplayRank" : "7",
					"PublishedScore" : "49%",
					"PublishedScore2dp" : "49.05%",
					"LowBase" : false
				},
				{
					"Brand" : "Santander UK",
					"Rank" : 8,
					"DisplayRank" : "8",
					"PublishedScore" : "49%",
					"PublishedScore2dp" : "48.50%",
					"LowBase" : false
				},
				{
					"Brand" : "Nationwide",
					"Rank" : 9,
					"DisplayRank" : "9",
					"PublishedScore" : "48%",
					"PublishedScore2dp" : "48.17%",
					"LowBase" : false
				}
			]
		},
		{
			"QuestionNumber" : "PCAQ2Recommend",
			"Title" : "Services in branches – Recommendation ranking",
			"SubTitle" : "Q02. I’d like to ask next about the branch services that {bank} offers – by that I mean the staff and facilities including any machines inside the branch. If you have used a Post Office to carry out banking activities on your {bank} account please include this. Based on your experience over the last three months are you likely or unlikely to recommend {bank}’s branch services to friends and family, if asked by them?",
			"Footnotes" : [ "Results show those Extremely and Very likely to recommend as a percentage of all except DK answers, Do not recommend and No experience.", "The ranking does not include any brands where the eligible sample size is less than 100.", "Fieldwork period: September 2017 to June 2018,  Publication date: 15th August 2018"],
			"Results" : [

				{
					"Brand" : "Bank of Ireland UK",
					"Rank" : 1,
					"DisplayRank" : "1",
					"PublishedScore" : "53%",
					"PublishedScore2dp" : "53.13%",
					"LowBase" : false
				},
				{
					"Brand" : "Danske Bank",
					"Rank" : 2,
					"DisplayRank" : "2",
					"PublishedScore" : "53%",
					"PublishedScore2dp" : "52.62%",
					"LowBase" : false
				},
				{
					"Brand" : "First Trust Bank",
					"Rank" : 3,
					"DisplayRank" : "3",
					"PublishedScore" : "52%",
					"PublishedScore2dp" : "52.31%",
					"LowBase" : false
				},
				{
					"Brand" : "Halifax",
					"Rank" : 4,
					"DisplayRank" : "4",
					"PublishedScore" : "52%",
					"PublishedScore2dp" : "51.53%",
					"LowBase" : false
				},
				{
					"Brand" : "Ulster Bank",
					"Rank" : 5,
					"DisplayRank" : "5",
					"PublishedScore" : "50%",
					"PublishedScore2dp" : "50.45%",
					"LowBase" : false
				},
				{
					"Brand" : "Nationwide",
					"Rank" : 6,
					"DisplayRank" : "6",
					"PublishedScore" : "50%",
					"PublishedScore2dp" : "50.40%",
					"LowBase" : false
				},
				{
					"Brand" : "HSBC UK",
					"Rank" : 7,
					"DisplayRank" : "7",
					"PublishedScore" : "50%",
					"PublishedScore2dp" : "50.29%",
					"LowBase" : false
				},
				{
					"Brand" : "Barclays Bank UK",
					"Rank" : 8,
					"DisplayRank" : "8",
					"PublishedScore" : "49%",
					"PublishedScore2dp" : "49.49%",
					"LowBase" : false
				},
				{
					"Brand" : "Santander UK",
					"Rank" : 9,
					"DisplayRank" : "9",
					"PublishedScore" : "48%",
					"PublishedScore2dp" : "48.27%",
					"LowBase" : false
				}		
			]
		},
		{
			"QuestionNumber" : "PCAQ3Recommend",
			"Title" : "Online and mobile banking services – Recommendation ranking",
			"SubTitle" : "Q03. And again based on your experience over the last three months are you likely or unlikely to recommend {bank}’s online and mobile banking services to friends and family, if asked by them?",
			"Footnotes" : [ "Results show those Extremely and Very likely to recommend as a percentage of all except DK answers, Do not recommend and No experience.", "The ranking does not include any brands where the eligible sample size is less than 100.", "Fieldwork period: September 2017 to June 2018, Publication date: 15th August 2018"],
			"Results" : [

				{
					"Brand" : "Nationwide",
					"Rank" : 1,
					"DisplayRank" : "1",
					"PublishedScore" : "53%",
					"PublishedScore2dp" : "53.17%",
					"LowBase" : false
				},
				{
					"Brand" : "Danske Bank",
					"Rank" : 2,
					"DisplayRank" : "2",
					"PublishedScore" : "53%",
					"PublishedScore2dp" : "52.96%",
					"LowBase" : false
				},
				{
					"Brand" : "Bank of Ireland UK",
					"Rank" : 3,
					"DisplayRank" : "3",
					"PublishedScore" : "51%",
					"PublishedScore2dp" : "50.95%",
					"LowBase" : false
				},
				{
					"Brand" : "Barclays Bank UK",
					"Rank" : 4,
					"DisplayRank" : "4",
					"PublishedScore" : "50%",
					"PublishedScore2dp" : "50.32%",
					"LowBase" : false
				},
				{
					"Brand" : "First Trust Bank",
					"Rank" : 5,
					"DisplayRank" : "5",
					"PublishedScore" : "50%",
					"PublishedScore2dp" : "49.93%",
					"LowBase" : false
				},
				{
					"Brand" : "Santander UK",
					"Rank" : 6,
					"DisplayRank" : "6",
					"PublishedScore" : "50%",
					"PublishedScore2dp" : "49.77%",
					"LowBase" : false
				},
				{
					"Brand" : "HSBC UK",
					"Rank" : 7,
					"DisplayRank" : "7",
					"PublishedScore" : "49%",
					"PublishedScore2dp" : "48.51%",
					"LowBase" : false
				},
				{
					"Brand" : "Ulster Bank",
					"Rank" : 8,
					"DisplayRank" : "8",
					"PublishedScore" : "48%",
					"PublishedScore2dp" : "47.90%",
					"LowBase" : false
				},
				{
					"Brand" : "Halifax",
					"Rank" : 9,
					"DisplayRank" : "9",
					"PublishedScore" : "46%",
					"PublishedScore2dp" : "45.98%",
					"LowBase" : false
				}
			]
		},
		{
			"QuestionNumber" : "PCAQ4Recommend",
			"Title" : "Overdraft services – Recommendation ranking",
			"SubTitle" : "Q04. Based on your experience over the last twelve months are you likely or unlikely to recommend {bank}’s overdraft services to friends and family, if asked by them?",
			"Footnotes" : [ "Note: Results show those Extremely and Very likely to recommend as a percentage of all except DK answers, Do not recommend and No experience.", "The ranking does not include any brands where the eligible sample size is less than 100.", "Fieldwork period: September 2017 to June 2018, Publication date: 15th August 2018"],
			"Results" : [

				{
					"Brand" : "Bank of Ireland UK",
					"Rank" : 1,
					"DisplayRank" : "1",
					"PublishedScore" : "52%",
					"PublishedScore2dp" : "52.09%",
					"LowBase" : false
				},
				{
					"Brand" : "Ulster Bank",
					"Rank" : 2,
					"DisplayRank" : "2",
					"PublishedScore" : "52%",
					"PublishedScore2dp" : "51.58%",
					"LowBase" : false
				},
				{
					"Brand" : "Halifax",
					"Rank" : 3,
					"DisplayRank" : "3",
					"PublishedScore" : "52%",
					"PublishedScore2dp" : "51.52%",
					"LowBase" : false
				},
				{
					"Brand" : "Nationwide",
					"Rank" : 4,
					"DisplayRank" : "4",
					"PublishedScore" : "51%",
					"PublishedScore2dp" : "51.16%",
					"LowBase" : false
				},
				{
					"Brand" : "Danske Bank",
					"Rank" : 5,
					"DisplayRank" : "5",
					"PublishedScore" : "50%",
					"PublishedScore2dp" : "50.32%",
					"LowBase" : false
				},
				{
					"Brand" : "Santander UK",
					"Rank" : 6,
					"DisplayRank" : "6",
					"PublishedScore" : "50%",
					"PublishedScore2dp" : "50.08%",
					"LowBase" : false
				},
				{
					"Brand" : "Barclays Bank UK",
					"Rank" : 7,
					"DisplayRank" : "7",
					"PublishedScore" : "50%",
					"PublishedScore2dp" : "49.78%",
					"LowBase" : false
				},
				{
					"Brand" : "First Trust Bank",
					"Rank" : 8,
					"DisplayRank" : "8",
					"PublishedScore" : "49%",
					"PublishedScore2dp" : "48.90%",
					"LowBase" : false
				},
				{
					"Brand" : "HSBC UK",
					"Rank" : 9,
					"DisplayRank" : "9",
					"PublishedScore" : "46%",
					"PublishedScore2dp" : "45.54%",
					"LowBase" : false
				}
				
			]
		}
	]
	}
}
