{				
	"Meta" : {			
		"ProductType" : "BCA",		
		"Area" :"GB",		
		"LastUpdated" : "2019-02-13T16:56:15",		
		"TotalResults" : 19643,		
		"Wave" :"2018-H2",		
		"Agreement" : "Use of the APIs and any related data will be subject to the terms of the Open Licence and subject to terms and conditions",		
		"License" : "https://openbanking.org.uk/open-licence",		
		"TermsOfUse" : "https://openbanking.org.uk/terms"		
	},			
	"Data" : {			
		"Question" : [		
		{		
			"QuestionNumber" : "BCAQ10Recommend",	
			"Title" : "Overall service quality - recommendation ranking",	
			"SubTitle" : "Q10 Taking everything into account, if asked, are you likely or unlikely to recommend [BRAND]'s business banking to other small and medium sized business?",	
			"Footnotes" : [ "Note: Results show those Extremely and Very likely to recommend as a percentage of all except Don't Know answers", "Note: The ranking does not include any brands where the eligible sample size is less than 100.", "Fieldwork period: January 2018 - December 2018", "Publication date February 2019"],	
			"Results" : [	
				{"Brand" : "Handelsbanken" , "Rank" : 1, "DisplayRank" : "1", "PublishedScore" : "85%", "PublishedScore2dp" : "84.89%", "LowBase" : false},
				{"Brand" : "Metro Bank" , "Rank" : 2, "DisplayRank" : "2", "PublishedScore" : "71%", "PublishedScore2dp" : "71.03%", "LowBase" : false},
				{"Brand" : "Santander UK" , "Rank" : 3, "DisplayRank" : "3", "PublishedScore" : "67%", "PublishedScore2dp" : "66.62%", "LowBase" : false},
				{"Brand" : "Lloyds Bank" , "Rank" : 4, "DisplayRank" : "=4", "PublishedScore" : "61%", "PublishedScore2dp" : "61.36%", "LowBase" : false},
				{"Brand" : "Barclays Bank UK" , "Rank" : 5, "DisplayRank" : "=4", "PublishedScore" : "61%", "PublishedScore2dp" : "61.21%", "LowBase" : false},
				{"Brand" : "Yorkshire Bank" , "Rank" : 6, "DisplayRank" : "6", "PublishedScore" : "57%", "PublishedScore2dp" : "56.81%", "LowBase" : false},
				{"Brand" : "Bank of Scotland" , "Rank" : 7, "DisplayRank" : "7", "PublishedScore" : "54%", "PublishedScore2dp" : "53.77%", "LowBase" : false},
				{"Brand" : "NatWest" , "Rank" : 8, "DisplayRank" : "8", "PublishedScore" : "53%", "PublishedScore2dp" : "53.17%", "LowBase" : false},
				{"Brand" : "HSBC UK" , "Rank" : 9, "DisplayRank" : "9", "PublishedScore" : "52%", "PublishedScore2dp" : "51.52%", "LowBase" : false},
				{"Brand" : "Allied Irish Bank (GB)" , "Rank" : 10, "DisplayRank" : "=10", "PublishedScore" : "50%", "PublishedScore2dp" : "50.29%", "LowBase" : false},
				{"Brand" : "Clydesdale Bank" , "Rank" : 11, "DisplayRank" : "=10", "PublishedScore" : "50%", "PublishedScore2dp" : "50.17%", "LowBase" : false},
				{"Brand" : "The Co-operative Bank" , "Rank" : 12, "DisplayRank" : "=10", "PublishedScore" : "50%", "PublishedScore2dp" : "49.97%", "LowBase" : false},
				{"Brand" : "Royal Bank of Scotland" , "Rank" : 13, "DisplayRank" : "13", "PublishedScore" : "46%", "PublishedScore2dp" : "46.04%", "LowBase" : false},
				{"Brand" : "TSB" , "Rank" : 14, "DisplayRank" : "14", "PublishedScore" : "42%", "PublishedScore2dp" : "41.64%", "LowBase" : false}
			]	
		},		
		{		
			"QuestionNumber" : "BCAQ11Recommend",	
			"Title" : "Relationship / account management - recommendation ranking",	
			"SubTitle" : "Q11 If asked, are you likely or unlikely to recommend [BRAND]'s relationship and account management to other small and medium sized businesses?",	
			"Footnotes" : [ "Note: Results show those Extremely and Very likely to recommend as a percentage of all except Don't Know answers, no experience, no recent use", "Note: The ranking does not include any brands where the eligible sample size is less than 100.", "Fieldwork period: January 2018 - December 2018", "Publication date February 2019"],	
			"Results" : [	
				{"Brand" : "Handelsbanken" , "Rank" : 1, "DisplayRank" : "1", "PublishedScore" : "91%", "PublishedScore2dp" : "90.55%", "LowBase" : false},
				{"Brand" : "Santander UK" , "Rank" : 2, "DisplayRank" : "2", "PublishedScore" : "65%", "PublishedScore2dp" : "64.51%", "LowBase" : false},
				{"Brand" : "Metro Bank" , "Rank" : 3, "DisplayRank" : "3", "PublishedScore" : "64%", "PublishedScore2dp" : "63.8%", "LowBase" : false},
				{"Brand" : "Lloyds Bank" , "Rank" : 4, "DisplayRank" : "4", "PublishedScore" : "63%", "PublishedScore2dp" : "63.26%", "LowBase" : false},
				{"Brand" : "Allied Irish Bank (GB)" , "Rank" : 5, "DisplayRank" : "5", "PublishedScore" : "61%", "PublishedScore2dp" : "60.5%", "LowBase" : false},
				{"Brand" : "Barclays Bank UK" , "Rank" : 6, "DisplayRank" : "6", "PublishedScore" : "60%", "PublishedScore2dp" : "59.87%", "LowBase" : false},
				{"Brand" : "Yorkshire Bank" , "Rank" : 7, "DisplayRank" : "=7", "PublishedScore" : "57%", "PublishedScore2dp" : "57.11%", "LowBase" : false},
				{"Brand" : "NatWest" , "Rank" : 8, "DisplayRank" : "=7", "PublishedScore" : "57%", "PublishedScore2dp" : "56.7%", "LowBase" : false},
				{"Brand" : "Clydesdale Bank" , "Rank" : 9, "DisplayRank" : "9", "PublishedScore" : "54%", "PublishedScore2dp" : "53.9%", "LowBase" : false},
				{"Brand" : "Bank of Scotland" , "Rank" : 10, "DisplayRank" : "10", "PublishedScore" : "52%", "PublishedScore2dp" : "52.42%", "LowBase" : false},
				{"Brand" : "Royal Bank of Scotland" , "Rank" : 11, "DisplayRank" : "11", "PublishedScore" : "50%", "PublishedScore2dp" : "50.19%", "LowBase" : false},
				{"Brand" : "The Co-operative Bank" , "Rank" : 12, "DisplayRank" : "12", "PublishedScore" : "47%", "PublishedScore2dp" : "47.06%", "LowBase" : false},
				{"Brand" : "HSBC UK" , "Rank" : 13, "DisplayRank" : "13", "PublishedScore" : "46%", "PublishedScore2dp" : "45.87%", "LowBase" : false},
				{"Brand" : "TSB" , "Rank" : 14, "DisplayRank" : "14", "PublishedScore" : "43%", "PublishedScore2dp" : "42.75%", "LowBase" : false}
			]	
		},		
		{		
			"QuestionNumber" : "BCAQ12Recommend",	
			"Title" : "Online and mobile banking - recommendation ranking",	
			"SubTitle" : "Q12 Thinking now about the digital channels that you may have used to access your business bank account in the last 12 months, how likely or unlikely are you to",	
			"Footnotes" : [ "Note: Results show those Extremely and Very likely to recommend as a percentage of all except Don't Know answers, no experience, no recent use", "Note: The ranking does not include any brands where the eligible sample size is less than 100.", "Fieldwork period: January 2018 - December 2018", "Publication date February 2019"],	
			"Results" : [	
				{"Brand" : "Barclays Bank UK" , "Rank" : 1, "DisplayRank" : "1", "PublishedScore" : "76%", "PublishedScore2dp" : "75.55%", "LowBase" : false},
				{"Brand" : "Santander UK" , "Rank" : 2, "DisplayRank" : "=2", "PublishedScore" : "73%", "PublishedScore2dp" : "73.35%", "LowBase" : false},
				{"Brand" : "Lloyds Bank" , "Rank" : 3, "DisplayRank" : "=2", "PublishedScore" : "73%", "PublishedScore2dp" : "72.72%", "LowBase" : false},
				{"Brand" : "Metro Bank" , "Rank" : 4, "DisplayRank" : "4", "PublishedScore" : "71%", "PublishedScore2dp" : "70.89%", "LowBase" : false},
				{"Brand" : "NatWest" , "Rank" : 5, "DisplayRank" : "5", "PublishedScore" : "70%", "PublishedScore2dp" : "70.28%", "LowBase" : false},
				{"Brand" : "Bank of Scotland" , "Rank" : 6, "DisplayRank" : "=6", "PublishedScore" : "64%", "PublishedScore2dp" : "64.44%", "LowBase" : false},
				{"Brand" : "Handelsbanken" , "Rank" : 7, "DisplayRank" : "=6", "PublishedScore" : "64%", "PublishedScore2dp" : "64.23%", "LowBase" : false},
				{"Brand" : "HSBC UK" , "Rank" : 8, "DisplayRank" : "8", "PublishedScore" : "62%", "PublishedScore2dp" : "61.57%", "LowBase" : false},
				{"Brand" : "Royal Bank of Scotland" , "Rank" : 9, "DisplayRank" : "9", "PublishedScore" : "59%", "PublishedScore2dp" : "59.34%", "LowBase" : false},
				{"Brand" : "Yorkshire Bank" , "Rank" : 10, "DisplayRank" : "10", "PublishedScore" : "57%", "PublishedScore2dp" : "57.3%", "LowBase" : false},
				{"Brand" : "Clydesdale Bank" , "Rank" : 11, "DisplayRank" : "11", "PublishedScore" : "54%", "PublishedScore2dp" : "53.7%", "LowBase" : false},
				{"Brand" : "Allied Irish Bank (GB)" , "Rank" : 12, "DisplayRank" : "12", "PublishedScore" : "48%", "PublishedScore2dp" : "47.97%", "LowBase" : false},
				{"Brand" : "The Co-operative Bank" , "Rank" : 13, "DisplayRank" : "13", "PublishedScore" : "47%", "PublishedScore2dp" : "46.69%", "LowBase" : false},
				{"Brand" : "TSB" , "Rank" : 14, "DisplayRank" : "14", "PublishedScore" : "38%", "PublishedScore2dp" : "38.16%", "LowBase" : false}
			]	
		},		
		{		
			"QuestionNumber" : "BCAQ13Recommend",	
			"Title" : "Service in branches and business centres - recommendation ranking",	
			"SubTitle" : "Q13 I'd now like to focus on your use of branch facilities provided by [BRAND] in the last 12 months, including  Post Office counters if you have used them.",	
			"Footnotes" : [ "Note: Results show those Extremely and Very likely to recommend as a percentage of all except Don't Know answers, no experience, no recent use", "Note: The ranking does not include any brands where the eligible sample size is less than 100.", "Fieldwork period: January 2018 - December 2018", "Publication date February 2019"],	
			"Results" : [	
				{"Brand" : "Handelsbanken" , "Rank" : 1, "DisplayRank" : "=1", "PublishedScore" : "77%", "PublishedScore2dp" : "76.56%", "LowBase" : false},
				{"Brand" : "Metro Bank" , "Rank" : 2, "DisplayRank" : "=1", "PublishedScore" : "77%", "PublishedScore2dp" : "76.54%", "LowBase" : false},
				{"Brand" : "Lloyds Bank" , "Rank" : 3, "DisplayRank" : "3", "PublishedScore" : "60%", "PublishedScore2dp" : "60.49%", "LowBase" : false},
				{"Brand" : "TSB" , "Rank" : 4, "DisplayRank" : "4", "PublishedScore" : "57%", "PublishedScore2dp" : "56.65%", "LowBase" : false},
				{"Brand" : "Barclays Bank UK" , "Rank" : 5, "DisplayRank" : "=5", "PublishedScore" : "56%", "PublishedScore2dp" : "55.81%", "LowBase" : false},
				{"Brand" : "Bank of Scotland" , "Rank" : 6, "DisplayRank" : "=5", "PublishedScore" : "56%", "PublishedScore2dp" : "55.75%", "LowBase" : false},
				{"Brand" : "Santander UK" , "Rank" : 7, "DisplayRank" : "7", "PublishedScore" : "55%", "PublishedScore2dp" : "54.95%", "LowBase" : false},
				{"Brand" : "Yorkshire Bank" , "Rank" : 8, "DisplayRank" : "8", "PublishedScore" : "52%", "PublishedScore2dp" : "52.19%", "LowBase" : false},
				{"Brand" : "Clydesdale Bank" , "Rank" : 9, "DisplayRank" : "9", "PublishedScore" : "49%", "PublishedScore2dp" : "49.19%", "LowBase" : false},
				{"Brand" : "NatWest" , "Rank" : 10, "DisplayRank" : "10", "PublishedScore" : "47%", "PublishedScore2dp" : "47.34%", "LowBase" : false},
				{"Brand" : "HSBC UK" , "Rank" : 11, "DisplayRank" : "11", "PublishedScore" : "44%", "PublishedScore2dp" : "43.62%", "LowBase" : false},
				{"Brand" : "Royal Bank of Scotland" , "Rank" : 12, "DisplayRank" : "12", "PublishedScore" : "43%", "PublishedScore2dp" : "43.17%", "LowBase" : false},
				{"Brand" : "Allied Irish Bank (GB)" , "Rank" : 13, "DisplayRank" : "13", "PublishedScore" : "42%", "PublishedScore2dp" : "41.92%", "LowBase" : false},
				{"Brand" : "The Co-operative Bank" , "Rank" : 14, "DisplayRank" : "14", "PublishedScore" : "39%", "PublishedScore2dp" : "39.41%", "LowBase" : false}
			]	
		},		
		{		
			"QuestionNumber" : "BCAQ16Recommend",	
			"Title" : "SME overdraft and loan services - recommendation ranking",	
			"SubTitle" : "Q16 Thinking now about the business overdraft and loan facilities provided by [BRAND] over the last 12 months, are you likely or unlikely to recommend",	
			"Footnotes" : [ "Note: Results show those Extremely and Very likely to recommend as a percentage of all except Don't Know answers, no experience, no recent use", "Note: The ranking does not include any brands where the eligible sample size is less than 100 (Metro Bank is excluded from this table).", "Fieldwork period: January 2018 - December 2018", "Publication date February 2019"],	
			"Results" : [	
				{"Brand" : "Handelsbanken" , "Rank" : 1, "DisplayRank" : "1", "PublishedScore" : "83%", "PublishedScore2dp" : "82.88%", "LowBase" : false},
				{"Brand" : "Santander UK" , "Rank" : 2, "DisplayRank" : "2", "PublishedScore" : "70%", "PublishedScore2dp" : "69.55%", "LowBase" : false},
				{"Brand" : "Yorkshire Bank" , "Rank" : 3, "DisplayRank" : "3", "PublishedScore" : "61%", "PublishedScore2dp" : "60.63%", "LowBase" : false},
				{"Brand" : "Barclays Bank UK" , "Rank" : 4, "DisplayRank" : "4", "PublishedScore" : "60%", "PublishedScore2dp" : "60.34%", "LowBase" : false},
				{"Brand" : "NatWest" , "Rank" : 5, "DisplayRank" : "=5", "PublishedScore" : "59%", "PublishedScore2dp" : "59.08%", "LowBase" : false},
				{"Brand" : "Clydesdale Bank" , "Rank" : 6, "DisplayRank" : "=5", "PublishedScore" : "59%", "PublishedScore2dp" : "58.68%", "LowBase" : false},
				{"Brand" : "Lloyds Bank" , "Rank" : 7, "DisplayRank" : "=7", "PublishedScore" : "58%", "PublishedScore2dp" : "58.45%", "LowBase" : false},
				{"Brand" : "Bank of Scotland" , "Rank" : 8, "DisplayRank" : "=7", "PublishedScore" : "58%", "PublishedScore2dp" : "57.94%", "LowBase" : false},
				{"Brand" : "HSBC UK" , "Rank" : 9, "DisplayRank" : "=7", "PublishedScore" : "58%", "PublishedScore2dp" : "57.83%", "LowBase" : false},
				{"Brand" : "Allied Irish Bank (GB)" , "Rank" : 10, "DisplayRank" : "10", "PublishedScore" : "55%", "PublishedScore2dp" : "55.44%", "LowBase" : false},
				{"Brand" : "Royal Bank of Scotland" , "Rank" : 11, "DisplayRank" : "11", "PublishedScore" : "49%", "PublishedScore2dp" : "49.4%", "LowBase" : false},
				{"Brand" : "TSB" , "Rank" : 12, "DisplayRank" : "12", "PublishedScore" : "44%", "PublishedScore2dp" : "43.69%", "LowBase" : false},
				{"Brand" : "The Co-operative Bank" , "Rank" : 13, "DisplayRank" : "13", "PublishedScore" : "43%", "PublishedScore2dp" : "42.63%", "LowBase" : false},
				
			]	
		}		
		]		
	}			
}				

