{				
	"Meta" : {			
		"ProductType" : "BCA",		
		"Area" :"NI",		
		"LastUpdated" : "2019-02-13T16:59:20",		
		"TotalResults" : 3510,		
		"Wave" :"2018-H2",		
		"Agreement" : "Use of the APIs and any related data will be subject to the terms of the Open Licence and subject to terms and conditions",		
		"License" : "https://openbanking.org.uk/open-licence",		
		"TermsOfUse" : "https://openbanking.org.uk/terms"		
	},			
	"Data" : {			
		"Question" : [		
		{		
			"QuestionNumber" : "BCAQ10Recommend",	
			"Title" : "Overall service quality - recommendation ranking",	
			"SubTitle" : "Q10 Taking everything into account, if asked, are you likely or unlikely to recommend [BRAND]'s business banking to other small and medium sized business?",	
			"Footnotes" : [ "Note: Results show those Extremely and Very likely to recommend as a percentage of all except Don't Know answers", "Note: The ranking does not include any brands where the eligible sample size is less than 100.", "Fieldwork period: January 2018 to December 2018", "Publication date February 2019"],	
			"Results" : [	
				{"Brand" : "Santander UK" , "Rank" : 1, "DisplayRank" : "1", "PublishedScore" : "67%", "PublishedScore2dp" : "67.4%", "LowBase" : false},
				{"Brand" : "Danske Bank" , "Rank" : 2, "DisplayRank" : "2", "PublishedScore" : "61%", "PublishedScore2dp" : "60.62%", "LowBase" : false},
				{"Brand" : "Ulster Bank" , "Rank" : 3, "DisplayRank" : "3", "PublishedScore" : "51%", "PublishedScore2dp" : "51.24%", "LowBase" : false},
				{"Brand" : "Bank of Ireland UK" , "Rank" : 4, "DisplayRank" : "4", "PublishedScore" : "50%", "PublishedScore2dp" : "49.52%", "LowBase" : false},
				{"Brand" : "First Trust Bank" , "Rank" : 5, "DisplayRank" : "5", "PublishedScore" : "49%", "PublishedScore2dp" : "48.69%", "LowBase" : false}
			]	
		},		
		{		
			"QuestionNumber" : "BCAQ11Recommend",	
			"Title" : "Relationship / account management - recommendation ranking",	
			"SubTitle" : "Q11 If asked, are you likely or unlikely to recommend [BRAND]'s relationship and account management to other small and medium sized businesses?",	
			"Footnotes" : [ "Note: Results show those Extremely and Very likely to recommend as a percentage of all except Don't Know answers, no experience, no recent use", "Note: The ranking does not include any brands where the eligible sample size is less than 100.", "Fieldwork period: January 2018 to December 2018", "Publication date February 2019"],	
			"Results" : [	
				{"Brand" : "Danske Bank" , "Rank" : 1, "DisplayRank" : "1", "PublishedScore" : "66%", "PublishedScore2dp" : "66.04%", "LowBase" : false},
				{"Brand" : "Santander UK" , "Rank" : 2, "DisplayRank" : "2", "PublishedScore" : "64%", "PublishedScore2dp" : "63.6%", "LowBase" : false},
				{"Brand" : "Ulster Bank" , "Rank" : 3, "DisplayRank" : "3", "PublishedScore" : "54%", "PublishedScore2dp" : "54.16%", "LowBase" : false},
				{"Brand" : "Bank of Ireland UK" , "Rank" : 4, "DisplayRank" : "4", "PublishedScore" : "49%", "PublishedScore2dp" : "49.25%", "LowBase" : false},
				{"Brand" : "First Trust Bank" , "Rank" : 5, "DisplayRank" : "5", "PublishedScore" : "47%", "PublishedScore2dp" : "46.67%", "LowBase" : false}
			]	
		},		
		{		
			"QuestionNumber" : "BCAQ12Recommend",	
			"Title" : "Online and mobile banking - recommendation ranking",	
			"SubTitle" : "Q12 Thinking now about the digital channels that you may have used to access your business bank account in the last 12 months, how likely or unlikely are you to",	
			"Footnotes" : [ "Note: Results show those Extremely and Very likely to recommend as a percentage of all except Don't Know answers, no experience, no recent use", "Note: The ranking does not include any brands where the eligible sample size is less than 100.", "Fieldwork period: January 2018 to December 2018", "Publication date February 2019"],	
			"Results" : [	
				{"Brand" : "Santander UK" , "Rank" : 1, "DisplayRank" : "1", "PublishedScore" : "76%", "PublishedScore2dp" : "76.45%", "LowBase" : false},
				{"Brand" : "Danske Bank" , "Rank" : 2, "DisplayRank" : "2", "PublishedScore" : "73%", "PublishedScore2dp" : "72.67%", "LowBase" : false},
				{"Brand" : "Ulster Bank" , "Rank" : 3, "DisplayRank" : "3", "PublishedScore" : "67%", "PublishedScore2dp" : "67.3%", "LowBase" : false},
				{"Brand" : "First Trust Bank" , "Rank" : 4, "DisplayRank" : "4", "PublishedScore" : "60%", "PublishedScore2dp" : "60.26%", "LowBase" : false},
				{"Brand" : "Bank of Ireland UK" , "Rank" : 5, "DisplayRank" : "5", "PublishedScore" : "50%", "PublishedScore2dp" : "50.46%", "LowBase" : false}
			]	
		},		
		{		
			"QuestionNumber" : "BCAQ13Recommend",	
			"Title" : "Service in branches and business centres - recommendation ranking",	
			"SubTitle" : "Q13 I'd now like to focus on your use of branch facilities provided by [BRAND] in the last 12 months, including  Post Office counters if you have used them.",	
			"Footnotes" : [ "Note: Results show those Extremely and Very likely to recommend as a percentage of all except Don't Know answers, no experience, no recent use", "Note: The ranking does not include any brands where the eligible sample size is less than 100.", "Fieldwork period: January 2018 to December 2018", "Publication date February 2019"],	
			"Results" : [	
				{"Brand" : "Santander UK" , "Rank" : 1, "DisplayRank" : "1", "PublishedScore" : "63%", "PublishedScore2dp" : "63.45%", "LowBase" : false},
				{"Brand" : "Danske Bank" , "Rank" : 2, "DisplayRank" : "2", "PublishedScore" : "61%", "PublishedScore2dp" : "61.25%", "LowBase" : false},
				{"Brand" : "Ulster Bank" , "Rank" : 3, "DisplayRank" : "3", "PublishedScore" : "53%", "PublishedScore2dp" : "53.12%", "LowBase" : false},
				{"Brand" : "Bank of Ireland UK" , "Rank" : 4, "DisplayRank" : "4", "PublishedScore" : "51%", "PublishedScore2dp" : "51.1%", "LowBase" : false},
				{"Brand" : "First Trust Bank" , "Rank" : 5, "DisplayRank" : "5", "PublishedScore" : "43%", "PublishedScore2dp" : "43.31%", "LowBase" : false}
			]	
		},		
		{		
			"QuestionNumber" : "BCAQ16Recommend",	
			"Title" : "SME overdraft and loan services - recommendation ranking",	
			"SubTitle" : "Q16 Thinking now about the business overdraft and loan facilities provided by [BRAND] over the last 12 months, are you likely or unlikely to recommend",	
			"Footnotes" : [ "Note: Results show those Extremely and Very likely to recommend as a percentage of all except Don't Know answers, no experience, no recent use", "Note: The ranking does not include any brands where the eligible sample size is less than 100", "Fieldwork period: January 2018 to December 2018", "Publication date February 2019"],	
			"Results" : [	
				{"Brand" : "Santander UK" , "Rank" : 1, "DisplayRank" : "1", "PublishedScore" : "62%", "PublishedScore2dp" : "62.13%", "LowBase" : false},
				{"Brand" : "Danske Bank" , "Rank" : 2, "DisplayRank" : "2", "PublishedScore" : "60%", "PublishedScore2dp" : "59.59%", "LowBase" : false},
				{"Brand" : "Bank of Ireland UK" , "Rank" : 3, "DisplayRank" : "3", "PublishedScore" : "56%", "PublishedScore2dp" : "55.54%", "LowBase" : false},
				{"Brand" : "Ulster Bank" , "Rank" : 4, "DisplayRank" : "4", "PublishedScore" : "51%", "PublishedScore2dp" : "51.35%", "LowBase" : false},
				{"Brand" : "First Trust Bank" , "Rank" : 5, "DisplayRank" : "5", "PublishedScore" : "46%", "PublishedScore2dp" : "46.01%", "LowBase" : false}
			]	
		}		
		]		
	}			
}				

